{"Loss_train": 1.2372809077831024, "Accuracy_train": 0.20226946473121643, "UAR_train": 0.20226946473121643, "_timestamp": 1698725263.0417433, "_runtime": 135.68222332000732, "_step": 0, "_wandb": {"runtime": 129}}