{"Loss_train": 1.0505765194588519, "Accuracy_train": 0.6248970031738281, "UAR_train": 0.6248970031738281, "_timestamp": 1698748438.8692982, "_runtime": 537.1250503063202, "_step": 9, "Loss_val": 1.0340627006122045, "Accuracy_val": 0.5390338897705078, "UAR_val": 0.5390338897705078, "_wandb": {"runtime": 531}}