{"Loss_train": 0.9463043606027643, "Accuracy_train": 0.6506491899490356, "UAR_train": 0.6506491899490356, "_timestamp": 1698740114.4111319, "_runtime": 1154.795019865036, "_step": 9, "Loss_val": 1.5756194591522217, "Accuracy_val": 0.42353591322898865, "UAR_val": 0.42353591322898865, "_wandb": {"runtime": 1149}}