{"Loss_train": 0.8646056119431841, "Accuracy_train": 0.22365239262580872, "UAR_train": 0.22365239262580872, "_timestamp": 1698726014.68702, "_runtime": 663.6268961429596, "_step": 9, "Loss_val": 0.7909330129623413, "Accuracy_val": 0.26681655645370483, "UAR_val": 0.26681655645370483, "_wandb": {"runtime": 657}}