{"Loss_train": 0.9111488233221338, "Accuracy_train": 0.6868139505386353, "UAR_train": 0.6868139505386353, "_timestamp": 1698745354.764856, "_runtime": 550.3355882167816, "_step": 9, "Loss_val": 0.9910100272723606, "Accuracy_val": 0.6231076121330261, "UAR_val": 0.6231076121330261, "_wandb": {"runtime": 544}}