{"Loss_train": 0.6837467880959206, "Accuracy_train": 0.36343327164649963, "UAR_train": 0.36343327164649963, "_timestamp": 1698730790.5996575, "_runtime": 659.4738144874573, "_step": 9, "Loss_val": 0.6526868173054287, "Accuracy_val": 0.39883923530578613, "UAR_val": 0.39883923530578613, "_wandb": {"runtime": 653}}