{"Loss_train": 1.5470296245940187, "Accuracy_train": 0.40580010414123535, "UAR_train": 0.40580010414123535, "_timestamp": 1698747751.7155154, "_runtime": 542.0712473392487, "_step": 9, "Loss_val": 1.5972655160086495, "Accuracy_val": 0.42818742990493774, "UAR_val": 0.42818742990493774, "_wandb": {"runtime": 536}}