{"Loss_train": 0.861935057538621, "Accuracy_train": 0.22537392377853394, "UAR_train": 0.22537392377853394, "_timestamp": 1698727308.1632197, "_runtime": 663.4636585712433, "_step": 9, "Loss_val": 0.7903762715203422, "Accuracy_val": 0.24761304259300232, "UAR_val": 0.24761304259300232, "_wandb": {"runtime": 657}}