{"Loss_train": 0.9531731592847946, "Accuracy_train": 0.6641706824302673, "UAR_train": 0.6641706824302673, "_timestamp": 1698737044.688058, "_runtime": 2772.5275208950043, "_step": 9, "Loss_val": 0.9948338525635856, "Accuracy_val": 0.6206556558609009, "UAR_val": 0.6206556558609009, "_wandb": {"runtime": 2766}}