{"Loss_train": 0.911148800494823, "Accuracy_train": 0.6868138909339905, "UAR_train": 0.6868138909339905, "_timestamp": 1698746363.4752455, "_runtime": 5975.015711545944, "_step": 9, "Loss_val": 0.9910101039069039, "Accuracy_val": 0.6231076121330261, "UAR_val": 0.6231076121330261, "_wandb": {"runtime": 5969}}