{"Loss_train": 0.6837467880959206, "Accuracy_train": 0.36343327164649963, "UAR_train": 0.36343327164649963, "_timestamp": 1698729898.642546, "_runtime": 660.6488308906555, "_step": 9, "Loss_val": 0.6526868173054287, "Accuracy_val": 0.39883923530578613, "UAR_val": 0.39883923530578613, "_wandb": {"runtime": 655}}