{"Loss_train": 1.2380414491004132, "Accuracy_train": 0.2029283195734024, "UAR_train": 0.2029283195734024, "_timestamp": 1698724980.4787102, "_runtime": 136.37837624549866, "_step": 0, "_wandb": {"runtime": 130}}