{"Loss_train": 0.7687905392748244, "Accuracy_train": 0.2781795561313629, "UAR_train": 0.2781795561313629, "_timestamp": 1698728830.4655752, "_runtime": 659.1378762722015, "_step": 9, "Loss_val": 0.7274500216756549, "Accuracy_val": 0.2807077169418335, "UAR_val": 0.2807077169418335, "_wandb": {"runtime": 653}}