{"Loss_train": 1.1394743957418076, "Accuracy_train": 0.5673296451568604, "UAR_train": 0.5673296451568604, "_timestamp": 1698749933.2063098, "_runtime": 535.4010488986969, "_step": 9, "Loss_val": 0.9880775383540562, "Accuracy_val": 0.5596177577972412, "UAR_val": 0.5596177577972412, "_wandb": {"runtime": 530}}