{"Loss_train": 0.5941261649131775, "Accuracy_train": 0.12816335260868073, "UAR_train": 0.12816335260868073, "_timestamp": 1698746214.7805548, "_runtime": 550.4599368572235, "_step": 9, "Loss_val": 0.5941261649131775, "Accuracy_val": 0.12030744552612305, "UAR_val": 0.12030744552612305, "_wandb": {"runtime": 544}}