{"Loss_train": 0.9467067452187233, "Accuracy_train": 0.6584146022796631, "UAR_train": 0.6584146022796631, "_timestamp": 1698738594.2967513, "_runtime": 1122.6529953479767, "_step": 9, "Loss_val": 0.8447821480887276, "Accuracy_val": 0.5597399473190308, "UAR_val": 0.5597399473190308, "_wandb": {"runtime": 1116}}