{"Loss_train": 1.0649064677826903, "Accuracy_train": 0.16716061532497406, "UAR_train": 0.16716061532497406, "_timestamp": 1698733382.6877704, "_runtime": 137.60151433944702, "_step": 1, "Loss_val": 0.8367219056401934, "Accuracy_val": 0.19457776844501495, "UAR_val": 0.19457776844501495, "_wandb": {"runtime": 167}}